Date,Amount,Description
7/1/2023,174.49,Petal Monthly spending
8/1/2023,1120.46,Petal Monthly spending
9/1/2023,329.3,Petal Monthly spending
10/10/2023,205.58,Petal Monthly spending
11/3/2023,569.58,Petal Monthly spending
12/1/2023,543.75,Petal Monthly spending
1/1/2024,19.89,Petal Monthly spending
2/1/2024,14.42,Petal Monthly spending
3/1/2024,1.07,Petal Monthly spending
4/1/2024,24.41,Petal Monthly spending
5/1/2024,24.41,Petal Monthly spending
6/1/2024,1.41,Petal Monthly spending
7/1/2024,15.42,Petal Monthly spending
8/1/2024,2.76,Petal Monthly spending
,,
,,
,,
,,
,,
,,
,,
,,
,,
,,
,,
,,
,,
,,
,,
,,
,,
,,
,,
,,
,,
,,
,,
,,
,,
,,
,,
,,
,,
,,
,,
,,
,,
,,
,,
,,
,,
,,
,,
,,
,,
,,
,,
,,
,,
,,
,,
,,
,,
,,
,,
,,
,,
,,
,,
,,
,,
,,
,,
,,
,,
,,
,,
