Month,CardName,MainCategory,Category,Description,Amount,Comment
2025-01,Amex_Bharu,Grocery,SAMS,SAM'S CLUB 8157 8157W. PALM BEACH       FL,44.31,
2025-01,Amex_Bharu,Shopping,Walmart,WAL-MART SUPERCENTERLAKE PARK           FL,37.67,
2025-01,Amex_Bharu,Shopping,Walmart,WALMART.COM         WALMART.COM         AR,16.02,
2025-01,Amex_Blue_Cash,Shopping,Amazon,AMAZON MARKEPLACE NA PA,8.16,
2025-01,Amex_Blue_Cash,Shopping,Amazon,AMAZON.COM          AMZN.COM/BILL       WA,14.43,
2025-01,Amex_Blue_Cash,Shopping,Temu,TEMU.COM            TEMU.COM            DE,18.41,
2025-01,Amex_Preferred,Grocery,ALDI,AplPay ALDI 77013 00LAKE PARK           FL,57.31,
2025-01,Amex_Preferred,Grocery,FoodTown,AplPay FOODTOWN OF NWEST PALM BEACH     FL,168.51000000000002,
2025-01,Amex_Preferred,Grocery,Publix,AplPay PUBLIX       WEST PALM BEACH     FL,257.65,
2025-01,Amex_Preferred,Grocery,Spice of India,AplPay SPICE OF INDIWEST PALM BEA       FL,57.25,
2025-01,Citi_Costco,Food,IceCream,TST* SLOAN'S ICE CREAM - WEST PALM BEAFL,11.69,
2025-01,Citi_Costco,Gas,Gas Station,COSTCO GAS #0093 PALM BEACH GAFL,96.08,
2025-02,Amex_Bharu,Food,BurgerKing,AplPay BURGER KING #LAKE WORTH          FL,5.51,
2025-02,Amex_Bharu,Grocery,SAMS,SAM'S CLUB 8157 8157W. PALM BEACH       FL,51.08,
2025-02,Amex_Bharu,Shopping,Amazon,AMAZON MARKEPLACE NA PA,15.920000000000002,
2025-02,Amex_Bharu,Shopping,Amazon,AMAZON.COM          AMZN.COM/BILL       WA,2.43,
2025-02,Amex_Bharu,Shopping,Walmart,WAL-MART SUPERCENTERLAKE PARK           FL,66.58,
2025-02,Amex_Bharu,Shopping,Walmart,WALMART.COM         WALMART.COM         AR,6.42,
2025-02,Amex_Bharu,Shopping,Walmart,WALMART.COM 80092562BENTONVILLE         AR,9.97,
2025-02,Amex_Preferred,Grocery,ALDI,AplPay ALDI 77013 00LAKE PARK           FL,35.93,
2025-02,Amex_Preferred,Grocery,ALDI,AplPay ALDI 77013 77LAKE PARK           FL,31.23,
2025-02,Amex_Preferred,Grocery,Spice of India,AplPay SPICE OF INDIWEST PALM BEA       FL,236.62,
2025-02,Citi_Costco,Food,Panera,PANERA SIP CLUB 204707 O 330-856-3176 FL,16.04,
2025-02,Citi_Costco,Gas,Gas Station,COSTCO GAS #0093 PALM BEACH GAFL,91.63999999999999,
2025-02,Citi_Costco,Grocery,Costco,COSTCO WHSE #0093 PALM BEACH GAFL,213.23,
2025-02,Citi_Costco,Grocery,Costco,COSTCO WHSE #0345 BOCA RATON FL,21.78,
2025-03,Amex_Bharu,Grocery,SAMS,SAM'S CLUB 8157 8157W. PALM BEACH       FL,84.82000000000001,
2025-03,Amex_Bharu,Shopping,Amazon,AMAZON MARKEPLACE NA PA,169.56,
2025-03,Amex_Bharu,Shopping,Amazon,AMAZON.COM          AMZN.COM/BILL       WA,8.69,
2025-03,Amex_Bharu,Shopping,Shein,AplPay SHEIN.COM 000NEW YORK            NY,47.18,
2025-03,Amex_Bharu,Shopping,Walmart,WAL-MART SUPERCENTERLAKE PARK           FL,73.34,
2025-03,Amex_Bharu,Shopping,Walmart,WAL-MART SUPERCENTERWEST PALM BEACH     FL,69.77,
2025-03,Amex_Bharu,Shopping,Walmart,WALMART.COM         BENTONVILLE         AR,27.76,
2025-03,Amex_Bharu,Shopping,Walmart,WALMART.COM         WALMART.COM         AR,7.46,
2025-03,Amex_Bharu,Shopping,Walmart,WALMART.COM 80092562BENTONVILLE         AR,91.72,
2025-03,Amex_Blue_Cash,Shopping,Temu,TEMU.COM            WILMINGTON          DE,18.6,
2025-03,Amex_Blue_Cash,Shopping,Walmart,WAL-MART SUPERCENTERLAKE PARK           FL,26.32,
2025-03,Amex_Preferred,Grocery,ALDI,AplPay ALDI 77013 77LAKE PARK           FL,61.93,
2025-03,Amex_Preferred,Grocery,Publix,AplPay PUBLIX       WEST PALM BEACH     FL,80.0,
2025-03,Amex_Preferred,Grocery,Restaurant Depot,AplPay RESTAURANT DERIVIERA BEACH       FL,21.95,
2025-03,Amex_Preferred,Grocery,Spice of India,AplPay SPICE OF INDIWEST PALM BEA       FL,194.63,
2025-03,Amex_Preferred,Shopping,Amazon,AMAZON MARKEPLACE NA PA,11.76,
2025-03,Amex_Preferred,Shopping,Target,AplPay TARGET       LAKE PARK           FL,7.81,
2025-03,Amex_Preferred,Shopping,Walmart,WAL-MART SUPERCENTERLAKE PARK           FL,4.63,
2025-03,Amex_Preferred,Subscription,Streaming,WILLOW TV           MOUNTAIN VIEW       CA,9.99,
2025-03,Citi_Costco,Food,Thai,RICE AND NOODLE PALM BCH GDNSFL,23.29,
2025-03,Citi_Costco,Gas,Gas Station,COSTCO GAS #0093 PALM BEACH GAFL,61.42,
2025-03,Citi_Costco,Grocery,Costco,COSTCO WHSE #0093 PALM BEACH GAFL,330.28000000000003,
2025-03,Citi_Costco,Grocery,Costco,COSTCO WHSE #0180 LANTANA FL,11.74,
2025-03,Citi_Costco,Grocery,Restaurant Depot,BEDNERS FARM FRESH MARKETBOYNTON BEACHFL,2.53,
2025-04,Amex_Bharu,Grocery,SAMS,SAM'S CLUB 8157 8157W. PALM BEACH       FL,86.67,
2025-04,Amex_Bharu,Shopping,Amazon,AMAZON MARKEPLACE NA PA,21.89,
2025-04,Amex_Bharu,Shopping,Amazon,AMAZON.COM          AMZN.COM/BILL       WA,11.42,
2025-04,Amex_Bharu,Shopping,Walmart,WAL-MART SUPERCENTERLAKE PARK           FL,72.4,
2025-04,Amex_Bharu,Shopping,Walmart,WALMART.COM         WALMART.COM         AR,42.73,
2025-04,Amex_Bharu,Shopping,Walmart,WALMART.COM 80092562BENTONVILLE         AR,6.42,
2025-04,Amex_Blue_Cash,Shopping,Amazon,AMAZON.COM          AMZN.COM/BILL       WA,15.03,
2025-04,Amex_Blue_Cash,Shopping,OldNavy,OLD NAVY ON-LINE 084GROVEPORT           OH,35.81,
2025-04,Amex_Blue_Cash,Shopping,Temu,TEMU.COM            WILMINGTON          DE,22.31,
2025-04,Amex_Blue_Cash,Shopping,Walmart,WAL-MART SUPERCENTERLAKE PARK           FL,2.98,
2025-04,Amex_Preferred,Grocery,ALDI,AplPay ALDI 77013 77LAKE PARK           FL,50.38,
2025-04,Amex_Preferred,Grocery,FoodTown,AplPay FOODTOWN OF NWEST PALM BEACH     FL,21.81,
2025-04,Amex_Preferred,Grocery,Publix,AplPay PUBLIX       WEST PALM BEACH     FL,52.599999999999994,
2025-04,Amex_Preferred,Grocery,Spice of India,AplPay SPICE OF INDIWEST PALM BEA       FL,96.25,
2025-04,Amex_Preferred,Shopping,Dress,AplPay ROSS STORES #PALM BCH GDNS       FL,9.62,
2025-04,Amex_Preferred,Subscription,Streaming,WILLOW TV           MOUNTAIN VIEW       CA,9.99,
2025-04,Citi_Costco,Gas,Gas Station,COSTCO GAS #0093 PALM BEACH GAFL,60.099999999999994,
2025-04,Citi_Costco,Gas,Gas Station,COSTCO GAS #0623 ROYAL PALM BEFL,29.62,
2025-04,Citi_Costco,Grocery,Costco,COSTCO WHSE #0093 PALM BEACH GAFL,185.78,
2025-04,Citi_Costco,Trip,Room Rental,AIRBNB * HMX9AXPKP5 San FranciscoCA,1173.37,
2025-05,Amex_Bharu,Grocery,SAMS,SAM'S CLUB 4782 4782KISSIMMEE           FL,89.53999999999999,
2025-05,Amex_Bharu,Grocery,SAMS,SAM'S CLUB 8157 8157W. PALM BEACH       FL,76.15,
2025-05,Amex_Bharu,Grocery,SAMS,SAM'S CLUB FUEL 4782KISSIMMEE           FL,67.76,
2025-05,Amex_Bharu,Shopping,Amazon,AMAZON MARKEPLACE NA PA,65.55,
2025-05,Amex_Bharu,Shopping,Amazon,AMAZON.COM          AMZN.COM/BILL       WA,25.51,
2025-05,Amex_Bharu,Shopping,Walmart,WAL-MART SUPERCENTERLAKE PARK           FL,129.89000000000001,
2025-05,Amex_Bharu,Shopping,Walmart,WAL-MART SUPERCENTERWEST PALM BEACH     FL,20.29,
2025-05,Amex_Bharu,Shopping,Walmart,WALMART.COM         BENTONVILLE         AR,179.76,
2025-05,Amex_Bharu,Shopping,Walmart,WMT PLUS May 2025 028009666546          AR,1.0,
2025-05,Amex_Blue_Cash,Shopping,Walmart,WAL-MART SUPERCENTERLAKE PARK           FL,21.11,
2025-05,Amex_Blue_Cash,Toll,Sunpass,SUNPASS*ACC121623655888-865-5352        FL,10.0,
2025-05,Amex_Preferred,Food,Pizza,AplPay SBARRO PALM BWEST PALM BEA       FL,8.55,
2025-05,Amex_Preferred,Grocery,ALDI,AplPay ALDI 77013 77LAKE PARK           FL,62.72,
2025-05,Amex_Preferred,Grocery,FoodTown,AplPay FOODTOWN 0000WEST PALM BEACH     FL,30.91,
2025-05,Amex_Preferred,Grocery,Publix,AplPay PUBLIX       WEST PALM BEACH     FL,75.0,
2025-05,Amex_Preferred,Grocery,Publix,AplPay PUBLIX #2021 PALM BEACH GA       FL,23.49,
2025-05,Amex_Preferred,Grocery,Spice of India,AplPay SPICE OF INDIWEST PALM BEA       FL,356.8,
2025-05,Amex_Preferred,Shopping,DollarTree,AplPay DOLLAR GENERAKISSIMMEE           FL,3.23,
2025-05,Amex_Preferred,Shopping,DollarTree,AplPay DOLLAR TREE 0LAKE PARK           FL,2.68,
2025-05,Amex_Preferred,Subscription,Streaming,WILLOW TV           MOUNTAIN VIEW       CA,9.99,
2025-05,Amex_Preferred,Water,Water,AplPay NYX=PRIMO WATHUNT VALLEY         MD,1.2999999999999998,
2025-05,Citi_Costco,Food,Office Food,ARAMARK FP AND L JUNO JUNO BEACH FL,3.31,
2025-05,Citi_Costco,Gas,Gas Station,COSTCO GAS #0093 PALM BEACH GAFL,90.19,
2025-05,Citi_Costco,Grocery,Costco,COSTCO WHSE #0093 PALM BEACH GAFL,231.13,
2025-05,Citi_Costco,Grocery,Costco,COSTCO WHSE #651 ORLANDO FL,217.87,
2025-05,Citi_Double,Grocery,Chick-Fil-A,CHICK-FIL-A #01827 LAKE PARK FL null XXXXXXXXXXXX9181,19.47,
2025-06,Amex_Bharu,Shopping,Amazon,AMAZON MARKEPLACE NA PA,52.57,
2025-06,Amex_Bharu,Shopping,Bath&Body,BATHANDBODYWORKS.COM,8.25,
2025-06,Amex_Bharu,Shopping,Crocs,CROCS RETAIL        NIWOT               CO,74.88,
2025-06,Amex_Bharu,Shopping,Walmart,WALMART.COM         BENTONVILLE         AR,10.92,
2025-06,Amex_Blue_Cash,Shopping,Amazon,AMAZON MARKEPLACE NA PA,9.8,
2025-06,Amex_Blue_Cash,Shopping,Crocs,CROCS RETAIL        NIWOT               CO,46.32,
2025-06,Amex_Preferred,Grocery,ALDI,AplPay ALDI 77013 77LAKE PARK           FL,65.56,
2025-06,Amex_Preferred,Grocery,ALDI,AplPay ALDI 77051 77JUPITER             FL,7.58,
2025-06,Amex_Preferred,Grocery,ALDI,AplPay ALDI 77080 77WEST PALM BEA       FL,2.75,
2025-06,Amex_Preferred,Grocery,Farmers Market,AplPay TROPICAL FARMWEST PALM BEA       FL,4.41,
2025-06,Amex_Preferred,Grocery,FoodTown,AplPay FOODTOWN 0000WEST PALM BEACH     FL,49.18,
2025-06,Amex_Preferred,Grocery,Publix,AplPay PUBLIX       JUPITER             FL,3.89,
2025-06,Amex_Preferred,Grocery,Publix,AplPay PUBLIX #2021 PALM BEACH GA       FL,28.87,
2025-06,Amex_Preferred,Grocery,Spice of India,AplPay SPICE OF INDIWEST PALM BEA       FL,153.21,
2025-06,Amex_Preferred,Other,Other,AplPay FORMULA-APP.CDOVER               DE,59.99,AplPay FORMULA-APP.CDOVER               DE
2025-06,Amex_Preferred,Shopping,DollarTree,AplPay DOLLARTREE 00NORTH PALM BE       FL,2.94,
2025-06,Bilt,Class,Class,TACO BELL 733094 PALM BEACH GAFL,13.7,
2025-06,Bilt,Class,Class,WENDYS 8847 PALM BEACH GAFL,2.02,
2025-06,Bilt,Food,Indian Restaurant,SPO*DECCANSPICEINDIANP POMPANO BEACHFL,76.16,
2025-06,Bilt,Food,Pizza,LITTLE CAESARS 3054-00 LAKE PARK FL,18.17,
2025-06,Bilt,Food,Thai,ONE THAI PALM BEACH GAFL,32.26,
2025-06,Bilt,Shopping,DollarTree,DOLLAR TREE ROYAL PALM BEFL,1.34,
2025-06,Bilt,Water,Water,NAYAX **PRIMO WATER CO VISTA CA,5.2,
2025-06,Citi_Costco,Gas,Gas Station,COSTCO GAS #0093 PALM BEACH GAFL,130.17,
2025-06,Citi_Costco,Grocery,Costco,COSTCO WHSE #0093 PALM BEACH GAFL,732.51,
2025-06,Citi_Costco,Grocery,Costco,COSTCO WHSE #0623 ROYAL PALM BEFL,98.75999999999999,
2025-06,Citi_Costco,Toll,Parking,ATI*9902-060373828 ATM.TK CA,15.0,
2025-06,Citi_Double,Class,Class,CITY OF PBG WEBSITE PALM BEACH GA FL,60.0,
2025-06,Citi_Double,Class,Class,NORTH COUNTY AQUATIC C JUPITER FL,60.0,
2025-06,Citi_Double,Insurance,Insurance,GEICO *AUTO 800-841-3000 DC,673.0,
2025-06,Citi_Double,Shopping,Bath&Body,BATH & BODY WORKS 3814 PALM BEACH GA FL null XXXXXXXXXXXX9181,5.34,
2025-06,Citi_Double,Shopping,Dress,ROSS STORES #1761 W PALM BEACH FL null XXXXXXXXXXXX9181,8.55,
2025-06,Citi_Double,Shopping,Dress,"carters, Inc. Atlanta GA",11.11,
2025-06,Citi_Double,Shopping,HomeDepot,THE HOME DEPOT #0220 LAKE PARK FL null XXXXXXXXXXXX9181,5.32,
2025-06,Citi_Double,Trip,Room Rental,AIRBNB * HMCRW4P2JM 4158005959 CA null XXXXXXXXXXXX9410,924.35,
2025-06,WellsFargo,Shopping,Shein,SHEIN.COM 844-8022500 NY,35.01,
2025-07,Amex_Bharu,Grocery,SAMS,SAM'S CLUB 8157 8157W. PALM BEACH       FL,149.49,
2025-07,Amex_Bharu,Grocery,SAMS,SAM'S CLUB FUEL 6406NIAGARA FALLS       NY,31.02,
2025-07,Amex_Bharu,Shopping,Amazon,AMAZON MARKEPLACE NA PA,153.42000000000002,
2025-07,Amex_Bharu,Shopping,Amazon,AMAZON.COM          AMZN.COM/BILL       WA,53.45,
2025-07,Amex_Bharu,Shopping,DollarTree,AplPay DOLLAR TREE 0LAKE PARK           FL,10.43,
2025-07,Amex_Bharu,Shopping,DollarTree,AplPay DOLLARTREE 00NORTH PALM BE       FL,11.77,
2025-07,Amex_Bharu,Shopping,Temu,AplPay BT*TEMU.COM  BOSTON              MA,1.05,
2025-07,Amex_Bharu,Shopping,Walmart,WAL-MART SUPERCENTERLAKE PARK           FL,68.28,
2025-07,Amex_Bharu,Shopping,Walmart,WAL-MART SUPERCENTERNIAGARA FALLS       NY,29.29,
2025-07,Amex_Bharu,Shopping,Walmart,WAL-MART SUPERCENTERWEST PALM BEACH     FL,43.47,
2025-07,Amex_Bharu,Shopping,Walmart,WALMART.COM         WALMART.COM         AR,18.92,
2025-07,Amex_Bharu,Trip,Trip Activities,AplPay TOP OF THE FA716-278-0337        NY,7.55,
2025-07,Amex_Blue_Cash,Grocery,SAMS,SAM'S CLUB 8157 8157W. PALM BEACH       FL,39.9,
2025-07,Amex_Blue_Cash,Shopping,Macys,MACYS   .COM 0000001MASON               OH,55.22,
2025-07,Amex_Blue_Cash,Toll,Parking,CITY OF WPB PARKING WEST PALM BEA       FL,5.0,
2025-07,Amex_Blue_Cash,Toll,Sunpass,SUNPASS*ACC121623655888-865-5352        FL,20.0,
2025-07,Amex_Preferred,Card Renewal,Card Renewal,RENEWAL MEMBERSHIP FEE,95.0,
2025-07,Amex_Preferred,Food,Pizza,AplPay SBARRO PALM BWEST PALM BEA       FL,23.49,
2025-07,Amex_Preferred,Grocery,ALDI,AplPay ALDI 77013 77LAKE PARK           FL,19.26,
2025-07,Amex_Preferred,Grocery,ALDI,AplPay ALDI 77019 77LAKE WORTH          FL,20.62,
2025-07,Amex_Preferred,Grocery,ALDI,AplPay ALDI 77051 77JUPITER             FL,10.21,
2025-07,Amex_Preferred,Grocery,FoodTown,AplPay FOODTOWN 0000WEST PALM BEACH     FL,3.4,
2025-07,Amex_Preferred,Grocery,Publix,AplPay PUBLIX       PALM BEACH GARDENS  FL,4.69,
2025-07,Amex_Preferred,Grocery,Publix,AplPay PUBLIX #1810 ORLANDO             FL,10.29,
2025-07,Amex_Preferred,Grocery,Publix,AplPay PUBLIX #2021 PALM BEACH GA       FL,8.11,
2025-07,Amex_Preferred,Grocery,Spice of India,AplPay SPICE OF INDIWEST PALM BEA       FL,180.69,
2025-07,Amex_Preferred,Shopping,Burlington,AplPay BURLINGTON STWEST PALM BEA       FL,20.31,
2025-07,Amex_Preferred,Shopping,DollarTree,AplPay CLAIRES 0696 WEST PALM BEA       FL,5.35,
2025-07,Amex_Preferred,Shopping,Dress,AplPay ROSS STORES #W PALM BEACH        FL,28.87,
2025-07,Amex_Preferred,Shopping,Shein,AplPay SHEIN.COM 000NEW YORK            NY,33.3,
2025-07,Amex_Preferred,Shopping,Target,AplPay TARGET       LAKE PARK           FL,27.17,
2025-07,Amex_Preferred,Water,Water,AplPay NYX=PRIMO WATHUNT VALLEY         MD,1.4,
2025-07,Bilt,Food,Indian Restaurant,HYDERABAD CAFE GOLDEN OAK FL,57.150000000000006,
2025-07,Bilt,Food,Indian Restaurant,TST*PARADISE BIRYANI P PARMA OH,47.99,
2025-07,Bilt,Food,Indian Restaurant,ZAIKA INDIAN CUISINE NIAGARA FALLSNY,100.0,
2025-07,Bilt,Food,KFC,KFC G135308 FLORIDA CITY FL,9.1,
2025-07,Bilt,Food,McDonald,MCDONALD'S F4447 NIAGARA FALLSNY,19.01,
2025-07,Bilt,Food,Pizza,DOMINO'S 4857 FAIRVIEW PA,29.64,
2025-07,Bilt,Food,Pizza,DOMINO'S 5062 NORTH PALM BEFL,32.05,
2025-07,Bilt,Food,Popeyes,POPEYES 4549 RIVIERA BEACHFL,6.42,
2025-07,Bilt,Food,Wendys,WENDY'S 13023 MARATHON FL,13.53,
2025-07,Bilt,Food,Wingstop,WINGSTOP 1122 LAKE PARK FL,28.87,
2025-07,Bilt,RENT,RENT,BPS*BILT RENT NEW YORK NY,2498.54,
2025-07,Bilt,Toll,Parking,NIC*-DEP FT ZACHARY TA KEY WEST FL,8.0,
2025-07,Citi_Costco,Gas,Gas Station,COSTCO GAS #0091 DAVIE FL,16.44,
2025-07,Citi_Costco,Gas,Gas Station,COSTCO GAS #0093 PALM BEACH GAFL,90.39,
2025-07,Citi_Costco,Gas,Gas Station,COSTCO GAS #1226 HUDSON OH,47.81,
2025-07,Citi_Costco,Gas,Gas Station,COSTCO GAS #651 S ORLAND ORLANDO FL,13.91,
2025-07,Citi_Costco,Gas,Gas Station,EXXON 7-ELEVEN 34984 MIAMI FL,10.53,
2025-07,Citi_Costco,Gas,Gas Station,SHELL OIL 57543662407 LAKE WORTH FL,4.66,
2025-07,Citi_Costco,Grocery,Costco,COSTCO WHSE #0093 PALM BEACH GAFL,1151.06,
2025-07,Citi_Costco,Grocery,Costco,COSTCO WHSE #1229 MIAMI FL,15.57,
2025-07,Citi_Costco,Grocery,Costco,COSTCO WHSE #651 ORLANDO FL,54.99,
2025-07,Citi_Costco,Grocery,SAMS,SAMS CLUB #6406 NIAGARA FALLSNY,12.19,
2025-07,Citi_Costco,Toll,Parking,95497 - STANDARD PARKING CLEVELAND OH,25.0,
2025-07,Citi_Costco,Toll,Parking,NIAGARA FALLS ST PK POS3 NIAGARA FALLSNY,15.0,
2025-07,Citi_Costco,Trip,Room Rental,Hotel at Booking.com Amsterdam NL,66.61,
2025-07,Citi_Costco,Trip,Room Rental,Partners on Booking BV Amsterdam NL,149.81,
2025-07,Citi_Double,Toll,Parking,AIRPORTPARKINGRESERVAT 8007275464 IL null XXXXXXXXXXXX9181,36.76,
2025-07,WellsFargo,Class,Class,VSI*PBC PARKS WEB 561-9666600 FL,60.0,
2025-07,WellsFargo,Grocery,Restaurant Depot,RESTAURANT DEPOT RIVIERA BEACHFL,16.45,
2025-07,WellsFargo,Interest,Interest,BALANCE TRANSFER FEE,250.0,
2025-07,WellsFargo,Shopping,Macys,MACYS PALM BEACH GRDNS PALM BEACH GAFL,7.51,
2025-07,WellsFargo,Trip,Car Rental,TURO INC.* TRIP JUL 18 TURO.COM CA,18.4,
2025-07,WellsFargo,Trip,Trip Activities,HAYSTACH DRYERS ORLANDO FL,6.0,
2025-07,WellsFargo,Trip,Trip Activities,HUDSONNEWS ST732 CLEVELAND OH,4.1,
2025-07,WellsFargo,Trip,Trip Activities,NIAGARA FALLS STATE PARK NIAGARA FALLSNY,230.0,
2025-08,Amex_Bharu,Class,Class,PALM BEACH* PALM BEAPALM BEACH GARDENS  FL,252.0,
2025-08,Amex_Bharu,Class,Class,VSI*PBC PARKS WEB   LAKE WORTH          FL,60.0,
2025-08,Amex_Bharu,Movie,Movie,CINEMARK            PLANO               TX,265.35,
2025-08,Amex_Bharu,Shopping,Amazon,AMAZON MARKEPLACE NA PA,244.44,
2025-08,Amex_Bharu,Shopping,Amazon,AMAZON.COM          AMZN.COM/BILL       WA,5.36,
2025-08,Amex_Bharu,Shopping,Temu,AplPay BT*TEMU.COM  BOSTON              MA,42.95,
2025-08,Amex_Bharu,Shopping,Walmart,WAL-MART SUPERCENTERLAKE PARK           FL,125.72,
2025-08,Amex_Bharu,Toll,Parking,CITY OF NAPLES 71820NAPLES              FL,15.5,
2025-08,Amex_Bharu,Trip,Trip Activities,PURE FLORIDA        NAPLES              FL,26.0,
2025-08,Amex_Blue_Cash,Grocery,SAMS,SAM'S CLUB 8157 8157W. PALM BEACH       FL,83.53999999999999,
2025-08,Amex_Blue_Cash,Shopping,Temu,BT*TEMU.COM         BOSTON              MA,15.73,
2025-08,Amex_Preferred,Grocery,ALDI,AplPay ALDI 77013 77LAKE PARK           FL,71.64,
2025-08,Amex_Preferred,Grocery,FoodTown,AplPay FOODTOWN 0000WEST PALM BEACH     FL,24.27,
2025-08,Amex_Preferred,Grocery,Publix,AplPay PUBLIX       WEST PALM BEACH     FL,11.54,
2025-08,Amex_Preferred,Grocery,Publix,AplPay PUBLIX #2021 PALM BEACH GA       FL,59.59,
2025-08,Amex_Preferred,Grocery,Spice of India,AplPay SPICE OF INDIWEST PALM BEA       FL,124.22999999999999,
2025-08,Amex_Preferred,Water,Water,AplPay NYX=PRIMO WATHUNT VALLEY         MD,5.6,
2025-08,Bilt,Class,Class,PANDA EXPRESS #3007 PALM BEACH GAFL,23.33,
2025-08,Bilt,Food,BurgerKing,BURGER KING #4451 Q07 RIVIERA BEACHFL,5.55,
2025-08,Bilt,Food,Indian Restaurant,THE INDIAN BISTRO CAPE CORAL FL,107.18,
2025-08,Bilt,Food,Office Food,ARAMARK FP AND L JUNO JUNO BEACH FL,30.68,
2025-08,Bilt,Food,Popeyes,POPEYES 4549 RIVIERA BEACHFL,31.01,
2025-08,Bilt,RENT,RENT,BPS*BILT RENT NEW YORK NY,2499.06,
2025-08,Citi_Costco,Gas,Gas Station,COSTCO GAS #0093 PALM BEACH GAFL,106.3,
2025-08,Citi_Costco,Gas,Gas Station,COSTCO GAS #0351 FORT MYERS FL,16.08,
2025-08,Citi_Costco,Grocery,Costco,COSTCO WHSE #0093 PALM BEACH GAFL,391.63,
2025-08,Citi_Double,Food,Office Food,ARAMARK FP AND L JUNO JUNO BEACH FL null XXXXXXXXXXXX9181,11.6,
2025-08,Citi_Double,Insurance,Insurance,GEICO *AUTO 800-841-3000 DC,30.27,
2025-08,Citi_Double,Interest,Interest,INTEREST CHARGED TO STANDARD PURCH,29.81,
2025-08,Citi_Double,Medicine,Medicine,CVS/PHARMACY #00712 NAPLES FL null XXXXXXXXXXXX9181,21.98,
2025-08,Citi_Double,Medicine,Medicine,CVS/PHARMACY #03616 FORT MYERS FL null XXXXXXXXXXXX9181,4.79,
2025-08,Citi_Double,Shopping,DollarTree,DOLLARTREE NORTH PALM BE FL null XXXXXXXXXXXX9181,2.94,
2025-08,Citi_Double,Shopping,Dress,THE CHILDREN'S PLACE 18777522387 NJ null XXXXXXXXXXXX9181,10.97,
2025-08,Citi_Double,Shopping,HomeDepot,OFFICE DEPOT #211 8004633768 FL,10.56,
2025-08,Citi_Double,Shopping,Target,TARGET 00019414 WEST PALM BEA FL null XXXXXXXXXXXX9181,40.41,
2025-08,Citi_Double,Subscription,Streaming,Lycatel LLC Newark NJ null XXXXXXXXXXXX9181,15.75,
2025-08,Citi_Double,Trip,Trip Activities,"Groupon, Inc. 312-288-6424 IL null XXXXXXXXXXXX9181",73.86,
2025-08,Citi_Double,Trip,Trip Activities,RAILROAD MUSEUM OF SOU FORT MYERS FL null XXXXXXXXXXXX9181,30.0,
2025-08,Citi_Double,Water,Water,Nayax **Primo Water Co Vista CA null XXXXXXXXXXXX9181,2.6,
2025-08,WellsFargo,Interest,Interest,INTEREST CHARGE ON PURCHASES,5.21,
2025-08,WellsFargo,Shopping,BJS,BJS WHOLESALE #0227 WEST PALM BEAFL,87.08,
2025-08,WellsFargo,Shopping,Temu,TEMU.COM 130-248-0611 MA,0.48,
2025-09,Amex_Bharu,Food,Thai,RICE AND NOODLE     561-623-0102        FL,11.65,
2025-09,Amex_Bharu,Shopping,Amazon,AMAZON MARKEPLACE NA PA,34.81,
2025-09,Amex_Bharu,Shopping,Bath&Body,BATHANDBODYWORKS.COM,19.1,
2025-09,Amex_Bharu,Shopping,Walmart,WAL-MART SUPERCENTERLAKE PARK           FL,9.4,
2025-09,Amex_Bharu,Shopping,Walmart,WALMART.COM         WALMART.COM         AR,3.41,
2025-09,Amex_Blue_Cash,Grocery,SAMS,SAM'S CLUB 8157 8157W. PALM BEACH       FL,95.23,
2025-09,Amex_Blue_Cash,Toll,Sunpass,SUNPASS*ACC121623655888-865-5352        FL,10.0,
2025-09,Amex_Preferred,Grocery,ALDI,AplPay ALDI 77013 77LAKE PARK           FL,79.36,
2025-09,Amex_Preferred,Grocery,Farmers Market,AplPay TROPICAL FARMWEST PALM BEA       FL,7.53,
2025-09,Amex_Preferred,Grocery,FoodTown,AplPay FOODTOWN 0000WEST PALM BEACH     FL,60.4,
2025-09,Amex_Preferred,Grocery,Publix,AplPay PUBLIX #2021 PALM BEACH GA       FL,11.06,
2025-09,Amex_Preferred,Grocery,Spice of India,AplPay SPICE OF INDIWEST PALM BEA       FL,151.82999999999998,
2025-09,Amex_Preferred,Water,Water,AplPay NYX=PRIMO WATHUNT VALLEY         MD,3.5,
2025-09,Bilt,Car Wash,Car Wash,EL CAR WASH ONLINE CORAL GABLES FL,38.52,
2025-09,Bilt,Food,KFC,KFC G979004 HOLLYWOOD FL,52.36,
2025-09,Bilt,Food,McDonald,MCDONALD'S F28730 PALM BEACH GAFL,33.79,
2025-09,Bilt,Food,Olive gardens,OLIVE GARDEN ZK 002644 WEST PALM BEAFL,38.61,
2025-09,Bilt,Food,Pizza,DOMINO'S 3879 WEST PALM BEAFL,13.89,
2025-09,Bilt,Food,Pizza,DOMINO'S 5062 NORTH PALM BEFL,10.69,
2025-09,Bilt,Food,Pizza,PIZZA HUT 037638 PALM BEACH GAFL,5.87,
2025-09,Bilt,Food,Popeyes,POPEYES 4549 RIVIERA BEACHFL,20.32,
2025-09,Bilt,Food,Thai,ONE THAI PALM BEACH GAFL,24.5,
2025-09,Bilt,RENT,RENT,BPS*BILT RENT NEW YORK NY,2498.12,
2025-09,Citi_Costco,Gas,Gas Station,COSTCO GAS #0093 PALM BEACH GAFL,59.26,
2025-09,Citi_Costco,Grocery,Costco,COSTCO WHSE #0093 PALM BEACH GAFL,305.65,
2025-09,Citi_Double,Grocery,Restaurant Depot,RESTAURANT DEPOT RIVIERA BEACH FL,126.44,
2025-09,Citi_Double,Interest,Interest,INTEREST CHARGED TO STANDARD PURCH,22.32,
2025-09,Citi_Double,Lincense,Lincense,B2P*TAX COLLECT PALM B WEST PALM BEA FL,112.5,
2025-09,WellsFargo,Interest,Interest,INTEREST CHARGE ON PURCHASES,5.48,
2025-09,WellsFargo,Water,Water,Primo Water Corporatio Vista CA,2.6,
2025-10,Amex_BC_OCT25,Grocery,SAMS,SAM'S CLUB 8157 8157W. PALM BEACH       FL,45.89,
2025-10,Amex_BC_OCT25,Shopping,Temu,BT*TEMU.COM         BOSTON              MA,33.08,
2025-10,Amex_BC_OCT25,Shopping,Walmart,WALMART.COM 80092562BENTONVILLE         AR,134.81,
2025-10,Amex_P_OCT25,Grocery,ALDI,AplPay ALDI 77013 77LAKE PARK           FL,72.43,
2025-10,Amex_P_OCT25,Grocery,FoodTown,AplPay FOODTOWN 0000WEST PALM BEACH     FL,152.64,
2025-10,Amex_P_OCT25,Grocery,Publix,AplPay PUBLIX #2021 PALM BEACH GA       FL,43.55,
2025-10,Amex_P_OCT25,Grocery,Spice of India,AplPay SPICE OF INDIWEST PALM BEA       FL,204.17000000000002,
2025-10,Amex_P_OCT25,Water,Water,AplPay NYX=PRIMO WATHUNT VALLEY         MD,5.6,
2025-10,Bilt_OCT25,Food,KFC,KFC E320080 NORTH PALM BEFL,21.4,
2025-10,Bilt_OCT25,Food,Office Food,ARAMARK FP AND L JUNO JUNO BEACH FL,11.98,
2025-10,Bilt_OCT25,Food,Pizza,DOMINO'S 3879 WEST PALM BEAFL,13.89,
2025-10,Bilt_OCT25,Food,Pizza,DOMINO'S 5062 NORTH PALM BEFL,13.89,
2025-10,Bilt_OCT25,Food,Popeyes,POPEYES 4549 RIVIERA BEACHFL,12.82,
2025-10,Bilt_OCT25,RENT,RENT,BPS*BILT RENT NEW YORK NY,2497.94,
2025-10,Bilt_OCT25,Shopping,FeDex,FEDEX OFFIC10700010769 NORTH PALM BEFL,2.14,
2025-10,CITI_Costco_OCT25,Gas,Gas Station,COSTCO GAS #0093 PALM BEACH GAFL,57.43,
2025-10,CITI_Costco_OCT25,Grocery,Costco,COSTCO WHSE #0093 PALM BEACH GAFL,201.56,
2025-10,CITI_Double_OCT25,Interest,Interest,INTEREST CHARGED TO STANDARD PURCH,24.04,
2025-10,WF_OCT25,Interest,Interest,MINIMUM INTEREST CHARGE,1.0,
2025-10,WF_OCT25,Trip,Tamil Sangham,PAYPAL *THENPOOVAGA 402-935-7733 CA,73.37,
